budget,result_q1,result_q2,result_q3,result_q4,sens_q1,sens_q2,sens_q3,sens_q4
0.1,-89.12973900394579,-353720.9090440271,58.48616852744399,11673.460913205892,2.2289674658586023,9776,2.0493437890297086,1
1.0,-2.113048190302327,-62459.675011628424,14.424712488244687,11684.931533232217,2.2289674658586023,9776,2.0493437890297086,1
10.0,1.9074482681953324,7911.209127249522,1.8191367767727513,11687.873069125002,2.2289674658586023,9776,2.0493437890297086,1
